facility_code,facility_name,network_id,network_region,location_lat,location_lng,unit_count,total_capacity_mw,total_capacity_registered_mw,total_capacity_maximum_mw,unit_fueltech_summary,unit_status_summary,facility_description,effective_from,effective_to,is_current,is_valid,quality_flag,created_at,updated_at
EMERASF,Emerald,NEM,QLD1,-23.508790,148.128017,1,88.0000,88.0000,72.0000,solar_utility:1,operating:1,"<p>Emerald Solar Park is a photovoltaic solar power station near Emerald in Queensland, Australia. It was developed by RES Australia who then sold it to Lighthouse Solar Fund. It delivers up to 72 MW AC of electricity to the National Electricity Market. The entire production of the solar farm is contracted to be supplied to Telstra.</p>",2025-11-29T07:33:21.039Z,,true,true,GOOD,2025-11-29T08:03:59.190Z,2025-11-29T08:03:59.190Z
WRSF1,White Rock Solar Farm,NEM,NSW1,-29.763292,151.552402,1,22.0000,22.0000,20.0000,solar_utility:1,operating:1,"<p>The White Rock Solar Farm is a 20 MW solar photovoltaic development located near the White Rock Wind Farm in New South Wales, Australia. Together, they form a hybrid renewable energy facility that shares infrastructure, such as grid connections and substations, to maximize efficiency. The solar farm, which became operational in 2018, powers approximately 8,000 homes annually. It was developed with support from ARENA to improve large-scale solar energy expertise.</p>",2025-11-29T07:33:21.039Z,,true,true,GOOD,2025-11-29T08:03:59.190Z,2025-11-29T08:03:59.190Z
DARLSF,Darlington Point,NEM,NSW1,-34.644808,146.035756,1,324.0000,324.0000,275.0000,solar_utility:1,operating:1,"<p>Darlington Point Solar Far is a photovoltaic power station under development 10 km south of the town of Darlington Point in New South Wales, Australia. It received planning approval and development consent on 7 December 2018, and has a power purchase agreement for supply of 150MW to Delta Energy.</p>",2025-11-29T07:33:21.039Z,,true,true,GOOD,2025-11-29T08:03:59.190Z,2025-11-29T08:03:59.190Z
YATSF1,Yatpool,NEM,VIC1,-34.380730,142.205340,1,94.0000,94.0000,81.0000,solar_utility:1,operating:1,"<p>The 258-hectare Yatpool Solar Farm in northwest Victoria has 350,000 solar PV panels installed totaling 106.5 MWp and generating enough renewable electricity to power 40,000 homes. The Yatpool Solar Farm is just 6km from its sister project the Karadoc Solar Farm which is already generating 112.5 MWp of clean power.</p>",2025-11-29T07:33:21.039Z,,true,true,GOOD,2025-11-29T08:03:59.190Z,2025-11-29T08:03:59.190Z
FINLEYSF,Finley,NEM,NSW1,-35.644210,145.508644,1,162.3600,162.3600,133.0000,solar_utility:1,operating:1,"<p>Finley Solar Farm is a photovoltaic power station near Finley in New South Wales, Australia. It was developed at a cost of A$170 million by ESCO Pacific in 2019 and built and commissioned by Signal Energy Australia Pty Ltd. ESCO sold the project to John Laing Group on 12 November 2018 at the same time as Westpac and ANZ Banks committed to the debt funding for the development.The solar farm has a seven-year power purchase agreement to supply electricity to Bluescope Steel.</p>",2025-11-29T07:33:21.039Z,,true,true,GOOD,2025-11-29T08:03:59.190Z,2025-11-29T08:03:59.190Z
LIMOSF2,Limondale 2,NEM,NSW1,-34.775502,143.508046,1,38.0000,38.0000,29.0000,solar_utility:1,operating:1,"<p>RWE’s first Australian renewables project is the Limondale Solar Farm, near Balranald in New South Wales.</p><p>The photovoltaic plant has about 872,000 panels on 770 hectares, and an installed capacity of 249 MWac.</p>",2025-11-29T07:33:21.039Z,,true,true,GOOD,2025-11-29T08:03:59.190Z,2025-11-29T08:03:59.190Z
AVLSF,Avonlie,NEM,NSW1,-34.919115,146.609540,1,254.1000,254.1000,190.0000,solar_utility:1,operating:1,"<p>The Avonlie Solar Farm will be a large-scale solar farm in Narrandera, New South Wales. The project will comprise more than 450,000 solar panels with a total energy capacity of up to roughly 245MW(DC).</p>",2025-11-29T07:33:21.039Z,,true,true,GOOD,2025-11-29T08:03:59.190Z,2025-11-29T08:03:59.190Z
BOMENSF,Bomen,NEM,NSW1,-35.048600,147.443900,1,121.0000,121.0000,100.0000,solar_utility:1,operating:1,"<p>Located 10 km north-east of Wagga Wagga city centre on Wiradjuri land, in the Wagga Wagga Special Activation Precinct, Bomen Solar Farm is a 100 MW solar farm and battery built by Australian developer Spark Renewables.</p>",2025-11-29T07:33:21.039Z,,true,true,GOOD,2025-11-29T08:03:59.190Z,2025-11-29T08:03:59.190Z
